id,name,car_year,country_code
1,Lorianna,2006,BR
2,Daryl,2011,CN
3,Juliana,2003,JP
4,Cathlene,2003,CN
5,Meta,1992,MA
6,Kellia,1995,BR
7,Wit,2011,PT
8,Lilian,2011,SY
9,Lanna,2000,GT
10,Suzann,2007,DE
11,Helenka,1995,ID
12,Shannah,1993,CZ
13,Lotte,2007,TH
14,Hali,2010,TM
15,Barbabas,2009,CN
16,Dorree,2005,BR
17,Corri,1992,ID
18,Emmery,1998,PE
19,Harriot,2003,JP
20,Helenka,1995,AR
21,Rozalin,2000,MX
22,Joachim,2003,UA
23,Elianora,2009,DO
24,Eleni,1989,RU
25,Adrian,2004,CN
26,Rob,2006,GQ
27,Brooke,2000,CN
28,Esmaria,2012,CN
29,Catie,1999,ID
30,Rebeca,2004,CZ
31,Leontine,2001,NG
32,Cleve,2001,PT
33,Durant,2005,RU
34,Ottilie,1995,PL
35,Elia,2006,IE
36,Olag,2007,HR
37,Rose,1998,CN
38,Daphne,1997,CN
39,Jammie,2004,CN
40,Kiersten,2010,AR
41,Burke,2013,PS
42,Antin,2006,PE
43,Anitra,1998,BW
44,Kippie,2013,PE
45,Austine,1992,PH
46,Shaylah,1987,PK
47,Glenine,1995,PL
48,Ilyse,2004,GM
49,Vincent,1995,BZ
50,Rouvin,1985,US
51,Katha,1994,TH
52,Irina,1996,CN
53,Rani,2010,ID
54,Sheridan,2012,CO
55,Christy,1997,KM
56,Karim,1994,PL
57,Bald,2004,RU
58,Billie,1998,CO
59,Tawsha,2007,MN
60,Thia,2009,BY
61,Kathy,2000,CN
62,Harwell,2005,PH
63,Trumaine,2012,PH
64,Cahra,1993,JP
65,Maryann,1998,US
66,Dore,1987,PL
67,Abbe,1996,EE
68,Rafaello,1990,CN
69,Stacee,2011,PH
70,Florina,1993,CN
71,Kenn,2005,CN
72,Orrin,1967,UA
73,Jacquette,1991,TD
74,Adel,2004,UG
75,Catharine,2001,US
76,Aloysius,2004,CN
77,Brittan,1970,BR
78,Elysia,1991,PE
79,Ring,2011,PH
80,Rae,1988,PT
81,Cort,2006,SE
82,Kelby,2007,GR
83,Nowell,2000,AF
84,Fionnula,2011,VN
85,Nelson,2003,NA
86,Antonie,2007,JO
87,Rosemaria,1997,CO
88,Alene,1992,MN
89,Dianne,1984,PL
90,Stephani,1995,PT
91,Cherey,1992,RU
92,Gracia,1993,MX
93,Sharla,2009,UG
94,Zared,2000,CN
95,Hildegarde,2012,MY
96,West,2007,SD
97,Karissa,2012,CN
98,Margret,2005,CN
99,Kelsey,1995,ID
100,Falito,1985,PK
101,Felicia,2010,ID
102,Neddie,2010,FR
103,Estrella,2001,PT
104,Montgomery,1992,IR
105,Lissa,2007,TL
106,Ax,2013,CN
107,Karol,2005,CN
108,Happy,2011,CA
109,Sergei,2002,CN
110,Annalise,2003,TG
111,Penny,1998,KE
112,Gladi,2010,PE
113,Sylas,2009,FR
114,Velma,2004,CO
115,Maxie,1996,ID
116,Clerissa,2001,CN
117,Irma,1986,US
118,Susi,1995,ID
119,Anette,2001,ID
120,Amitie,1986,TH
121,Hunfredo,2004,AF
122,Obediah,1996,CN
123,Erica,2000,CN
124,Benjy,2010,CN
125,Kin,1995,CN
126,Jess,2002,CN
127,Roxane,1995,ZA
128,Laurence,2008,CN
129,Oralla,1994,VE
130,Billie,1999,PT
131,Sandie,2007,PL
132,Marisa,2008,CZ
133,Eberhard,2002,GR
134,Thorstein,1964,PH
135,Korella,1997,CZ
136,Bernarr,1992,PT
137,Almeria,1998,NL
138,Sallee,1992,CN
139,Caralie,1992,BR
140,Iris,1995,BR
141,Stefa,2012,CN
142,Lynde,1993,ID
143,Saundra,1994,AF
144,Randie,2009,PH
145,Maddie,1994,HR
146,Ave,2003,AM
147,Nikolai,2011,KZ
148,Diego,2011,AR
149,Osbert,2009,CN
150,Doroteya,2006,ID
151,Sly,1995,FR
152,Niels,1999,MT
153,Aylmar,2000,ID
154,Amelia,1992,CO
155,Carmelia,1996,BG
156,Michel,2004,GR
157,Leta,1997,AR
158,Emili,1967,TH
159,Barnie,2005,US
160,Mommy,2005,PH
161,Ruddy,1997,NG
162,Aldin,1999,SE
163,Millisent,2004,CO
164,Dane,1998,FR
165,Brianna,2000,TN
166,Agustin,1999,SE
167,Jesse,2002,PT
168,Anatola,2004,BR
169,Lura,1987,IT
170,Orville,2005,PE
171,Lissa,1998,CN
172,Stephanie,1997,CN
173,Suzann,2012,RU
174,Cordi,1991,PH
175,Merl,1993,CN
176,Crin,1991,CO
177,Rolando,2004,GB
178,Elinore,1986,JP
179,Nalani,2002,RU
180,Lonee,2010,NE
181,Taryn,2009,ID
182,Jedd,1992,FR
183,Ulrica,2012,DE
184,Quincy,1992,GR
185,Benita,2013,BR
186,Gerrie,2009,ID
187,Hermon,2000,PH
188,Diannne,1991,UA
189,Clarey,1993,AL
190,Missy,1993,PL
191,Axel,2006,ID
192,Atlante,1992,TG
193,Patrick,2009,IT
194,Cyrill,2001,IR
195,Lucius,2009,CN
196,Sarene,1993,PH
197,Marlo,2012,HR
198,Craggy,2011,BR
199,Sisile,2008,ID
200,Berkly,2012,BF
201,Jacintha,2002,PT
202,Philbert,2009,KH
203,Orbadiah,2009,US
204,Atlante,2008,AR
205,Farley,2003,PT
206,Issie,2000,PA
207,Halli,1997,PH
208,Radcliffe,2003,FR
209,Jesse,1989,CN
210,Philis,1992,CA
211,Odessa,1967,CN
212,Mollie,1985,CO
213,Boothe,1996,FR
214,Aprilette,2004,CZ
215,Andrej,1992,PS
216,Rosy,1990,CZ
217,Dania,2011,CZ
218,Farlee,1999,AR
219,Liana,1994,JP
220,Pansie,1990,BR
221,Gabi,1999,PT
222,Tricia,1992,SE
223,Laughton,2006,CN
224,Sabrina,2003,MG
225,Georgette,1995,CN
226,Tymothy,1997,ID
227,Napoleon,2006,RU
228,Shell,2001,PT
229,Debby,1992,BR
230,Bevan,2010,PE
231,Pauly,1999,SE
232,Matty,2010,JP
233,Jemmie,2004,NG
234,Taffy,2013,KZ
235,Garry,2007,PH
236,Orlan,2003,CZ
237,Karylin,1991,CN
238,Daphene,2000,RU
239,Jehanna,1986,CA
240,Billye,1998,PT
241,Berny,1998,RU
242,Wren,2002,SE
243,Deane,2001,CZ
244,Cooper,2006,UA
245,Suki,1997,AZ
246,Richard,1994,PH
247,Irita,2006,JO
248,Pedro,2003,CN
249,Ingmar,1994,CN
250,Terri,2007,CN
251,Ario,1986,RU
252,Finlay,2008,HR
253,Myriam,2011,CN
254,Ruddy,2008,AR
255,Tobin,1999,RU
256,Silvanus,2005,BR
257,Lorrayne,2006,UA
258,Tanitansy,1995,CN
259,Pietra,1993,CN
260,Kendell,2009,PL
261,Linea,2002,RU
262,Angelle,2012,WS
263,Coriss,2010,GT
264,Rance,1986,CO
265,Hildegarde,1995,UZ
266,Dore,2010,RS
267,Ede,2000,JP
268,Britt,2007,JP
269,Hugibert,2012,ID
270,Aubrey,2001,AF
271,Christoforo,1993,BR
272,Carlene,1987,NL
273,Skippy,2000,CO
274,Paddie,1988,JP
275,Orland,2011,FR
276,Arlena,1999,EG
277,Linell,2008,CN
278,Manon,1987,PH
279,Dalt,2002,GT
280,Jaimie,2008,RU
281,Frederica,2010,PH
282,Dori,2011,PT
283,Konstantine,1995,CZ
284,Kerrill,2001,TH
285,Karel,1995,BR
286,Loleta,1994,TH
287,Butch,1986,ID
288,Christos,2001,CN
289,Vi,2009,JP
290,Lauren,2002,CN
291,Elton,2005,SE
292,Omero,2013,CO
293,Cari,2011,ID
294,Gabie,2000,PH
295,Richmond,2009,PL
296,Kincaid,2009,CN
297,Timmie,2011,ID
298,Norine,2011,CA
299,Chrystal,1988,PL
300,Clio,1993,MN
301,Marie-jeanne,2009,CZ
302,Sutherlan,1993,PH
303,Jody,2007,AL
304,Maxine,1962,SE
305,Janette,1964,CN
306,Dermot,1992,CN
307,Petronia,2008,RU
308,Adah,2011,ID
309,Thomas,1998,AL
310,Shandie,1989,LK
311,Damita,2012,BR
312,Saba,2007,TH
313,Jeri,1994,PH
314,Goldia,2004,CN
315,Darsey,2012,UA
316,Gertrudis,1992,ID
317,Benny,2003,CN
318,Lizzy,2004,ZM
319,Drew,1986,AR
320,Guenna,2007,CN
321,Gayler,2003,CN
322,Brinna,1977,BR
323,Hadley,1995,BA
324,Pedro,2004,TH
325,Raine,2001,UA
326,Der,2002,CN
327,Vyky,1999,BR
328,Neysa,2005,CN
329,Patsy,1996,AR
330,Claudell,2009,RU
331,Gard,1988,IE
332,Giorgia,2006,CN
333,Zelig,2003,SE
334,Doreen,1993,IE
335,Loni,2004,CN
336,Giulia,1989,NP
337,Rosetta,1992,PL
338,Juliette,2009,ID
339,Kristine,2005,HR
340,Hagen,2006,CN
341,Cheryl,2008,RU
342,Aldric,2007,SE
343,Monro,2005,CN
344,Theo,2000,RU
345,Osborne,2012,FR
346,Ambur,2010,CN
347,Maureene,1992,GR
348,Erica,2009,CN
349,Tybi,2008,ID
350,Carole,1997,RS
351,Damon,1992,ID
352,Genvieve,2006,IE
353,Ferris,2003,CN
354,Abbot,2008,PT
355,Towney,2008,TL
356,Ive,2009,UA
357,Eziechiele,1983,PH
358,Bendix,2004,CN
359,Craig,1993,ZA
360,Hugibert,2012,MX
361,Barnabas,2006,CN
362,Marielle,2000,CN
363,Jard,2007,CN
364,Dyana,2009,AR
365,Lyell,2006,CN
366,Ninon,2002,SE
367,Minnnie,2008,LU
368,Shanda,2008,MY
369,Susanetta,2008,BR
370,Ralph,2005,PE
371,Vitia,2001,CN
372,Joelie,2005,PE
373,Jesus,1997,PE
374,Katrinka,1966,CN
375,Courtnay,2008,US
376,Sabine,1957,BR
377,Hunt,2010,ID
378,Ellissa,1985,KH
379,Calhoun,1996,RU
380,Allyn,2007,RU
381,Bobbi,1992,CN
382,Judie,1981,PH
383,Berke,1998,CH
384,Skipper,2006,GR
385,Sonni,2008,BR
386,Gweneth,1991,YE
387,Catie,2009,ID
388,Cammy,2002,JP
389,Shannah,1992,PL
390,Noach,2011,FR
391,Daisy,1987,RU
392,Babette,2003,PH
393,Chandra,2010,CN
394,Saw,2007,BR
395,Irwinn,1993,IR
396,Jameson,1991,UA
397,Liz,1985,ID
398,Debera,2010,UA
399,Ileane,1989,SY
400,Filberto,2010,MA
401,Austina,2003,ZA
402,Sibylle,2001,ID
403,Spence,1994,UA
404,Hy,2009,ID
405,Catina,1994,CN
406,Tabby,2006,CN
407,Ursuline,1995,CN
408,Ignazio,1984,SI
409,Chrissie,1997,ID
410,Florette,1992,CN
411,Maegan,1984,ID
412,Dalt,2005,PH
413,Dalila,1998,FR
414,Venus,1985,CN
415,Aluino,2005,SI
416,Dotti,1997,CN
417,Kip,2004,MN
418,Yvon,2005,ID
419,Tine,1989,PH
420,Lisette,2008,CO
421,Esmeralda,1992,MT
422,Rock,1993,CN
423,Ollie,2005,GR
424,Ham,1999,ID
425,Beale,1993,ID
426,Norine,1993,FR
427,Staci,2006,SE
428,Jocelyne,1989,PE
429,Car,1983,NG
430,Blythe,2010,CN
431,Carmelita,1993,CN
432,Johnnie,2001,RU
433,Theressa,2009,CN
434,Christoforo,2006,RU
435,Noah,1994,XK
436,Marya,2011,UA
437,Marshal,1993,CN
438,Selma,2002,GR
439,Hersch,2008,ZA
440,Jarrid,2002,KZ
441,Annabella,2004,PH
442,Meier,2008,SI
443,Basia,2000,GR
444,Vicki,1988,PE
445,Neille,2010,AM
446,Gerrie,1977,CN
447,Katti,2003,CN
448,Ashlie,1992,ID
449,Moises,1998,GN
450,Alvinia,2001,UA
451,Cornall,1997,ID
452,Sofie,1986,SE
453,Amelina,1992,NG
454,Aurelia,2000,MX
455,Ramsay,2009,SY
456,Doll,1995,SE
457,Bliss,1987,ID
458,Gilberto,2005,CN
459,Indira,1998,ID
460,Patric,2003,CH
461,Dud,2006,CU
462,Noelani,1966,SE
463,Teresita,2009,ID
464,Tania,2003,ID
465,Ive,2001,SE
466,Deirdre,1996,ID
467,Goldia,2000,TN
468,Tab,1992,UG
469,Smitty,2005,CO
470,Cecilla,2001,CD
471,Lucho,2011,RU
472,Claudio,1998,UA
473,Jermain,1997,PL
474,Chelsea,1998,CZ
475,Leroi,2009,FR
476,Johnnie,2012,SY
477,Honoria,1972,AX
478,Gualterio,1995,CZ
479,Kip,2011,SE
480,Tamiko,2009,SE
481,Bria,1957,BD
482,Neill,1992,EG
483,Clemens,1997,SI
484,Ransom,2008,ID
485,Marietta,1999,PE
486,Sterne,2005,CN
487,Adrianne,1980,LB
488,Chane,2008,AF
489,Peder,1997,CN
490,Noell,2006,BY
491,Claudianus,1994,ME
492,Delinda,2009,CN
493,Belita,2004,PL
494,Sofia,2006,PH
495,Zebadiah,2008,RU
496,Ninette,1994,PE
497,Michel,2011,ZA
498,Reuben,2008,FR
499,Honey,2011,CN
500,Tine,1996,FR
501,Maximilianus,2004,PL
502,Anderson,1990,CN
503,Kalli,1993,ET
504,Karel,1990,RU
505,Rana,2005,RU
506,Pia,2012,CN
507,Corella,1986,UG
508,Randi,1990,PL
509,Wilburt,2006,ID
510,Torin,2006,ID
511,Malinda,1990,KG
512,Gustavo,2003,AL
513,Tedra,2012,NO
514,Terrijo,2011,NG
515,Emili,2010,PH
516,Amalee,2004,AR
517,Arluene,2013,CN
518,Ag,2002,ID
519,Natty,1968,BR
520,Kristan,2009,CN
521,Kandace,2001,ID
522,Bernete,2002,BR
523,Nertie,1987,ID
524,Janaye,2007,MY
525,Wyatt,2003,HN
526,Grethel,2006,NG
527,Ransom,1997,MX
528,Nikkie,2002,ID
529,Eloise,1990,ID
530,Kaspar,2011,FR
531,Ram,2008,CN
532,Koren,1987,PL
533,Moina,2010,SE
534,Stephie,2010,CN
535,Lorena,2005,ID
536,Julina,1998,CM
537,Rozelle,2005,IR
538,Lara,1989,BJ
539,Nissy,2011,BR
540,Yasmin,1996,PH
541,Lark,2000,PL
542,Leora,2012,CN
543,Taryn,1999,TH
544,Karoly,2003,PH
545,Monique,1994,TV
546,Darcy,1992,AM
547,Hannis,2003,PL
548,Lorne,1965,VN
549,Cathyleen,1998,UA
550,Veradis,2005,MX
551,Frankie,2008,FR
552,Art,1991,HN
553,Truda,1987,ID
554,Murray,2011,SE
555,Kalle,1964,CZ
556,Romona,1995,NE
557,Wendie,2012,MN
558,Bertha,1997,BR
559,Orlando,2011,ID
560,Ennis,2002,CZ
561,Belia,2010,FR
562,Ignacius,2003,RU
563,Rosmunda,1997,GR
564,Boycey,2011,BR
565,Bertha,2010,PT
566,Rossy,2003,KG
567,Darb,2011,AR
568,Merry,2012,CN
569,Warren,2002,JP
570,Mauricio,2005,ID
571,Sephira,1993,PL
572,Lefty,2008,CN
573,Sheridan,2010,DE
574,Frederic,1995,CO
575,Tommie,1998,MU
576,Audi,1999,CO
577,Francisco,2012,JP
578,Worth,1986,SE
579,Neddie,2008,CA
580,Idette,2008,MN
581,See,1986,PL
582,Abbie,2002,CO
583,Efrem,2004,PH
584,Petronia,1987,MX
585,Brit,2008,RU
586,Hoyt,2008,CN
587,Engracia,2008,PH
588,Rita,2003,ID
589,Nahum,2002,BR
590,Charlton,1996,ES
591,Say,2006,CN
592,June,2009,HN
593,Alisander,1998,PT
594,Horacio,2000,ZM
595,Andrea,1999,CN
596,Kalle,1995,CN
597,Brenna,2002,CZ
598,Edythe,2000,CD
599,Misti,1994,CN
600,Anallese,1989,CN
601,Abby,2006,CO
602,Haslett,2004,VE
603,Rhona,2009,PE
604,Cole,2010,CZ
605,Aldin,2011,PT
606,Alex,1994,SE
607,Christabella,1969,BR
608,Jody,1992,PK
609,Eliza,2013,NG
610,Filip,1995,VE
611,Duke,1993,CN
612,Janenna,2002,ID
613,Hilarius,2010,PL
614,Dani,1998,AR
615,Muhammad,2001,RU
616,Faunie,2009,PL
617,Tally,2002,PT
618,Hattie,2010,CN
619,Lina,1994,NL
620,Jarrad,1998,TN
621,Dodie,2006,CN
622,Hughie,1994,CN
623,Pammie,2008,CN
624,Genni,2007,HR
625,Colin,2007,MX
626,Rae,1998,ID
627,Ertha,2012,GB
628,Kimbra,2007,CN
629,Neala,2011,SE
630,Gradey,2004,MN
631,Estell,2007,BR
632,Ricard,2012,ID
633,Katina,1998,CN
634,Bambi,1993,CN
635,Rosemaria,2008,BR
636,Casey,2008,CA
637,Ty,2007,US
638,Trumaine,1994,ID
639,Cyrill,2006,GH
640,Farah,1992,US
641,Evvy,2003,CA
642,Bambie,1984,RU
643,Derek,2011,CO
644,Maddy,2012,PH
645,Lydon,2003,ID
646,Vivyan,1999,CN
647,Marcie,1998,RU
648,Doro,1997,TN
649,Niels,2009,UY
650,Benny,1994,CN
651,Olivia,2002,VE
652,Monika,1967,BR
653,Morgan,2002,ID
654,Cthrine,2003,PS
655,Sanders,2013,ID
656,Mora,1992,JP
657,Jarred,2008,CN
658,Alf,2002,CN
659,Karolina,1986,SY
660,Edmon,2005,LA
661,Burtie,2006,SE
662,Feliza,2002,BA
663,Gerry,2012,PL
664,Pooh,1997,CN
665,Leslie,2009,BR
666,Creighton,1995,CA
667,Dolly,1986,CN
668,Filmore,2001,FR
669,Esme,1992,US
670,Yorke,2007,PH
671,Ellerey,2004,PL
672,Marin,2008,PH
673,Filia,2001,ID
674,Martita,2007,SE
675,Mathe,1996,EE
676,Daveen,2010,MX
677,Salome,2006,BA
678,Clerkclaude,1994,SE
679,Fabio,1996,PH
680,Carine,2008,KP
681,Shannon,1996,BR
682,Langsdon,2008,GE
683,Verna,2006,PT
684,Ellwood,1988,ET
685,Alick,2009,SE
686,Minne,1997,MX
687,Rockwell,2010,BR
688,Madonna,1993,IL
689,Alexi,2009,CN
690,Alfie,1997,JP
691,Ibby,2011,BR
692,Gaby,2006,FR
693,Sorcha,2006,VN
694,Daisey,1996,CN
695,Barclay,1999,ID
696,Diena,2005,CN
697,Aube,1993,ID
698,Kirk,1980,CN
699,Vick,1993,PL
700,Donovan,2009,SE
701,Paule,2003,CN
702,Dominic,2010,UY
703,Sloane,2005,PL
704,Anna-diana,2010,PH
705,Sherwood,2006,ZA
706,Pearle,1995,PT
707,Anjanette,1994,PH
708,Huntley,2011,BA
709,Evvie,2000,GR
710,Elliott,1994,LB
711,Isidore,1992,CH
712,Lil,2008,HN
713,Alvina,1990,RU
714,Yanaton,2009,ET
715,Arline,2004,SE
716,Christabella,2002,CN
717,Lauritz,1992,IR
718,Fitz,2001,AM
719,Bendite,1991,ID
720,Talia,1999,ID
721,Karen,1994,BR
722,Gawen,2006,MY
723,Candace,1993,PH
724,Jaynell,2006,ID
725,Arlette,2000,CN
726,Ingrim,2010,ID
727,Dominik,1961,SE
728,Diane,2002,IE
729,Jerrilyn,1953,US
730,Rheta,2011,CA
731,Sargent,1998,ID
732,Zita,1994,CN
733,Parke,1996,IR
734,Valma,1997,CN
735,Phil,2005,AZ
736,Haywood,2001,UA
737,Jillana,2006,DE
738,Danyette,1995,ID
739,Jedediah,1985,PH
740,Renato,1999,GN
741,Levon,2011,CN
742,Alleen,1984,PH
743,Neil,1986,FR
744,Sandro,2000,CN
745,Phillie,2004,PL
746,Clary,2009,CN
747,Melony,1990,GR
748,Reyna,1998,SE
749,Alfonso,1991,AR
750,Jeremy,1983,MX
751,Anabal,1996,CN
752,Bartholomew,2007,KR
753,Floris,2005,CN
754,Andros,1991,SE
755,Cal,1993,TJ
756,Mariel,1993,CN
757,Riva,1999,NG
758,Verina,2012,PH
759,Lou,2006,FR
760,Ivar,1998,CN
761,Micheal,2004,PH
762,Nessa,1992,KR
763,Elga,1996,GR
764,Dal,2003,CN
765,Keslie,2009,JP
766,Phylys,1996,CN
767,Ambrosius,1998,BR
768,Almeda,2005,MX
769,Ailey,1998,ID
770,Latia,2007,BR
771,Amandie,1984,LB
772,Rozella,1997,NL
773,Will,2003,AZ
774,Joellyn,1984,GR
775,Krishnah,1986,FR
776,Flory,2005,RU
777,Revkah,2011,ET
778,Elsworth,1985,ID
779,Anallese,1993,VE
780,Tedd,2007,RU
781,Ferrell,1993,ZM
782,Ibbie,1995,GR
783,Olivero,1984,BR
784,Helenelizabeth,1990,GT
785,Bartolemo,1992,CN
786,Kalina,2003,BR
787,Saunders,2007,ID
788,Leyla,2000,PH
789,Wit,1991,ID
790,Emylee,1997,SD
791,Marilee,2002,PT
792,Eleonora,1999,ST
793,Adrienne,1992,PL
794,Winnie,2002,AM
795,Winifred,2002,RU
796,Merna,2008,GR
797,Gamaliel,1993,PT
798,Joete,1994,CN
799,Gusta,2008,NG
800,Maurise,2003,US
801,Cindelyn,2009,ES
802,Rosella,2012,BG
803,Demetre,1990,CD
804,Twyla,1993,CN
805,Madelena,2000,SN
806,Caryn,1990,GR
807,Rutger,2009,BR
808,Yorker,2012,RU
809,Scot,1994,WF
810,Tatiania,1996,IE
811,Leyla,2012,PE
812,Valdemar,1995,PH
813,Vincent,1998,IT
814,Barclay,1996,BR
815,Welby,1992,ID
816,Gerty,1999,CN
817,Jenelle,1994,ID
818,Lanita,2004,PH
819,Ninnetta,1999,MN
820,Ernestus,2006,RU
821,Gillan,2002,US
822,Alex,1992,CN
823,Dulcia,1999,PG
824,Barrie,2008,PH
825,Deeyn,2005,FR
826,Kahaleel,1992,ID
827,Mellicent,2008,PT
828,Herrick,1988,CO
829,Kaitlynn,1991,ID
830,Keefer,2004,GN
831,Fidel,2003,AG
832,Orv,1985,MU
833,Birdie,1994,BR
834,Mariann,2003,FR
835,Eloisa,1987,CN
836,Brewer,2006,ID
837,Carlie,2005,TZ
838,Cherri,1999,BR
839,Shellysheldon,2008,CN
840,Stu,1998,FI
841,Fancie,1999,RU
842,Eva,2003,RU
843,Valentino,1996,XK
844,Jojo,2004,PS
845,Gypsy,1998,BR
846,Padraic,1996,SE
847,Ranice,1997,PE
848,Tonie,1985,ID
849,Ashely,2009,PK
850,Fay,2005,ID
851,Ingelbert,1993,CN
852,Kellen,2001,PL
853,Adan,1995,PL
854,Pierce,1999,CN
855,Stefanie,2002,CN
856,Consuela,2009,CN
857,Kiley,2001,BD
858,Pet,2010,US
859,Nissie,1994,RU
860,Babb,2000,CN
861,Gregory,2010,ID
862,Art,2006,PL
863,Granville,2009,BR
864,Chrotoem,1991,CO
865,Ebenezer,2007,ID
866,Ezechiel,2009,CN
867,Cirillo,1997,CO
868,Fairleigh,1995,FR
869,Adella,2004,MX
870,Poppy,2006,PH
871,Elbertina,2010,BG
872,Valma,1994,PL
873,Rosie,2007,CL
874,Fania,1967,CL
875,Willow,2012,ID
876,Arny,1997,CN
877,Vinson,2011,CN
878,Mar,2009,PL
879,Angelina,1997,PL
880,Beauregard,1991,ID
881,Chico,1994,CN
882,Floris,2001,SE
883,Willabella,1992,CN
884,Nanni,1994,MG
885,Evie,1992,CN
886,Kathryne,2006,BD
887,Sampson,1992,SO
888,Kermy,2001,TH
889,Donielle,1991,RU
890,Llewellyn,1985,PH
891,Emmanuel,2004,CN
892,Ivar,2006,FR
893,Amalita,1995,MG
894,Deirdre,2006,DO
895,Bernhard,2001,CN
896,Gram,2005,CN
897,Nana,1992,PE
898,Lesly,2006,RU
899,Ermengarde,2007,AR
900,Leelah,2008,ID
901,Anna,2004,PH
902,Kimmie,2008,BY
903,Donn,1986,SE
904,Celia,2006,RU
905,Morlee,1997,CN
906,Gun,1997,FR
907,Melody,2001,RU
908,Barbette,2012,PK
909,Alastair,1998,BR
910,Andreas,2012,PT
911,Oren,2001,SE
912,Nelli,1998,ID
913,Allyn,1989,PH
914,Rupert,2005,PH
915,Ajay,2011,CU
916,Hubert,2004,BR
917,Erin,2004,CN
918,Damiano,2011,CR
919,Oriana,2009,CN
920,Petronille,1999,ID
921,Fin,1994,UA
922,Ileane,2012,CN
923,Tabbi,2004,CN
924,Reeva,2003,CI
925,Merissa,1994,ID
926,Caril,1998,IR
927,Gawen,2011,ID
928,Alidia,1983,PS
929,Cindie,2005,CN
930,Nadiya,2011,JP
931,Caryl,2000,US
932,Demetris,1987,SY
933,Salvatore,2004,CM
934,Pennie,1994,PT
935,Oates,2012,ID
936,Ashlen,2006,GR
937,Imogene,2000,RU
938,Dori,2011,ID
939,Wally,2010,PL
940,Raviv,1992,PE
941,Tildy,1997,CN
942,Pace,1992,FR
943,Renate,2004,TN
944,Alexandros,2012,CN
945,Alyce,1995,BE
946,Lara,1995,PE
947,Marielle,2012,BF
948,Pinchas,2008,BR
949,Henka,1994,CN
950,Leda,1986,MY
951,Gipsy,2010,XK
952,Ara,2000,CN
953,Lorilee,1991,PH
954,Worthington,1997,PF
955,Brena,1996,KE
956,Arabella,1997,PT
957,Modestia,2005,AR
958,Winfield,2002,ID
959,Lexine,2010,ID
960,Janna,2012,MK
961,Ole,1985,CN
962,Ricki,1994,SE
963,Quent,1984,ID
964,Cyndi,1992,UZ
965,Pansie,2007,AR
966,Bord,2001,EG
967,Gillie,1997,CM
968,Etta,1991,FR
969,Lonnie,2010,ES
970,Kerrie,2013,CN
971,Mersey,2010,CN
972,Pepi,1998,UA
973,Dill,2000,BA
974,Consolata,1994,PH
975,Gun,2002,SN
976,Pris,2003,RU
977,Magdaia,1997,BY
978,Zarah,1999,CD
979,Fletcher,1988,SE
980,Cherish,2013,RU
981,Horacio,1998,ID
982,Carri,1996,US
983,Betsy,2005,FR
984,Imelda,1994,CN
985,Beauregard,2004,RU
986,Bab,2002,ID
987,Marion,2009,CN
988,Mar,2012,KZ
989,Claribel,2010,PL
990,Eolande,1987,HN
991,Dael,2008,FR
992,Kathryn,1988,AL
993,Reta,1994,CN
994,Winni,2012,ID
995,Wadsworth,2013,ID
996,Kasper,1996,CN
997,Perle,2002,ID
998,Henryetta,2008,CR
999,Gram,2004,TZ
1000,Jay,1996,RS
